wkt_geom,mindate,maxdate,latitude,longitude,altitude,crop,intercrop,sampleID,LC,CT,IRR,valtime
Point (11.13297999999999988 2.81850999999999985),14/10/2017,14/10/2017,2.81851,11.13298,605,maize,-,2017_CM_GARDIAN-62_POINT_1100,11,1200,0,14/10/2017
Point (11.48221000000000025 3.46310999999999991),14/10/2017,14/10/2017,3.46311,11.48221,662,maize,-,2017_CM_GARDIAN-62_POINT_1101,11,1200,0,14/10/2017
Point (11.48563000000000045 3.46435000000000004),14/10/2017,14/10/2017,3.46435,11.48563,681,maize,-,2017_CM_GARDIAN-62_POINT_1102,11,1200,0,14/10/2017
Point (11.4711199999999991 3.48338000000000036),14/10/2017,14/10/2017,3.48338,11.47112,636,maize,-,2017_CM_GARDIAN-62_POINT_1103,11,1200,0,14/10/2017
Point (11.51492999999999967 3.53730999999999973),14/10/2017,14/10/2017,3.53731,11.51493,723,maize,-,2017_CM_GARDIAN-62_POINT_1104,11,1200,0,14/10/2017
Point (11.40277000000000029 2.93591999999999986),14/10/2017,14/10/2017,2.93592,11.40277,687,maize,-,2017_CM_GARDIAN-62_POINT_1105,11,1200,0,14/10/2017
Point (11.40357999999999983 2.94669000000000025),14/10/2017,14/10/2017,2.94669,11.40358,630,maize,-,2017_CM_GARDIAN-62_POINT_1106,11,1200,0,14/10/2017
Point (11.32578999999999958 2.91579999999999995),14/10/2017,14/10/2017,2.9158,11.32579,586,maize,-,2017_CM_GARDIAN-62_POINT_1107,11,1200,0,14/10/2017
Point (11.13090000000000046 2.81504999999999983),14/10/2017,14/10/2017,2.81505,11.1309,574,maize,-,2017_CM_GARDIAN-62_POINT_1108,11,1200,0,14/10/2017
Point (11.13718999999999859 2.8201299999999998),14/10/2017,14/10/2017,2.82013,11.13719,570,maize,-,2017_CM_GARDIAN-62_POINT_1109,11,1200,0,14/10/2017
Point (14.34872999999999799 4.51760999999999946),22/10/2017,22/10/2017,4.51761,14.34873,630,maize,0,2017_CM_GARDIAN-62_POINT_11010,11,1200,0,22/10/2017
Point (14.35347000000000151 4.49758000000000013),22/10/2017,22/10/2017,4.49758,14.35347,655,maize,manioc,2017_CM_GARDIAN-62_POINT_11011,11,9998,0,22/10/2017
Point (14.35299000000000014 4.49680000000000035),22/10/2017,22/10/2017,4.4968,14.35299,674,maize,manioc,2017_CM_GARDIAN-62_POINT_11012,11,9998,0,22/10/2017
Point (14.36847999999999814 4.47645999999999944),22/10/2017,22/10/2017,4.47646,14.36848,644,maize,manioc,2017_CM_GARDIAN-62_POINT_11013,11,9998,0,22/10/2017
Point (14.97961000000000098 4.02308000000000021),22/10/2017,22/10/2017,4.02308,14.97961,626,maize,0,2017_CM_GARDIAN-62_POINT_11014,11,1200,0,22/10/2017
Point (14.98062999999999967 4.02771999999999952),22/10/2017,22/10/2017,4.02772,14.98063,568,maize,0,2017_CM_GARDIAN-62_POINT_11015,11,1200,0,22/10/2017
Point (15.10952000000000162 3.92456000000000005),22/10/2017,22/10/2017,3.92456,15.10952,667,maize,0,2017_CM_GARDIAN-62_POINT_11016,11,1200,0,22/10/2017
Point (15.01989999999999981 4.01841999999999988),22/10/2017,22/10/2017,4.01842,15.0199,596,maize,manioc,2017_CM_GARDIAN-62_POINT_11017,11,9998,0,22/10/2017
Point (15.02242000000000033 4.02024999999999988),22/10/2017,22/10/2017,4.02025,15.02242,608,maize,manioc,2017_CM_GARDIAN-62_POINT_11018,11,9998,0,22/10/2017
Point (15.04095000000000049 3.51861999999999986),23/10/2017,23/10/2017,3.51862,15.04095,517,maize,conconbre,2017_CM_GARDIAN-62_POINT_11019,11,9998,0,23/10/2017
Point (14.99516000000000027 3.52845999999999993),23/10/2017,23/10/2017,3.52846,14.99516,602,maize,cacao,2017_CM_GARDIAN-62_POINT_11020,10,9998,0,23/10/2017
Point (15.05992000000000175 3.53411999999999971),23/10/2017,23/10/2017,3.53412,15.05992,537,maize,0,2017_CM_GARDIAN-62_POINT_11021,11,1200,0,23/10/2017
Point (11.39766000000000012 4.01370999999999967),07/11/2017,07/11/2017,4.01371,11.39766,605,maize,0,2017_CM_GARDIAN-62_POINT_11022,11,1200,0,07/11/2017
Point (11.25145000000000017 4.10448000000000057),07/11/2017,07/11/2017,4.10448,11.25145,548,maize,arachide/manioc,2017_CM_GARDIAN-62_POINT_11023,11,9998,0,07/11/2017
Point (11.15470000000000006 4.09634000000000054),07/11/2017,07/11/2017,4.09634,11.1547,509,maize,arachide/manioc,2017_CM_GARDIAN-62_POINT_11024,11,9998,0,07/11/2017
Point (11.18647999999999954 4.11120000000000019),07/11/2017,07/11/2017,4.1112,11.18648,576,maize,0,2017_CM_GARDIAN-62_POINT_11025,11,1200,0,07/11/2017
Point (11.22631999999999941 4.1024799999999999),07/11/2017,07/11/2017,4.10248,11.22632,517,maize,0,2017_CM_GARDIAN-62_POINT_11026,11,1200,0,07/11/2017
Point (11.19500999999999991 4.25283999999999995),08/11/2017,08/11/2017,4.25284,11.19501,423,maize,arachide/manioc,2017_CM_GARDIAN-62_POINT_11027,11,9998,0,08/11/2017
Point (11.2001899999999992 4.26114000000000015),08/11/2017,08/11/2017,4.26114,11.20019,418,maize,arachide,2017_CM_GARDIAN-62_POINT_11028,11,9998,0,08/11/2017
Point (11.29748999999999981 4.26973000000000003),08/11/2017,08/11/2017,4.26973,11.29749,467,maize,arachide/manioc,2017_CM_GARDIAN-62_POINT_11029,11,9998,0,08/11/2017
Point (11.28552999999999962 4.27425999999999995),08/11/2017,08/11/2017,4.27426,11.28553,461,maize,0,2017_CM_GARDIAN-62_POINT_11030,11,1200,0,08/11/2017
Point (11.27093999999999951 4.3629800000000003),08/11/2017,08/11/2017,4.36298,11.27094,335,maize,0,2017_CM_GARDIAN-62_POINT_11031,11,1200,0,08/11/2017
Point (11.23111000000000104 4.71628000000000025),09/11/2017,09/11/2017,4.71628,11.23111,479,maize,manioc,2017_CM_GARDIAN-62_POINT_11032,11,9998,0,09/11/2017
Point (11.23923999999999879 4.70141000000000009),09/11/2017,09/11/2017,4.70141,11.23924,470,maize,0,2017_CM_GARDIAN-62_POINT_11033,11,1200,0,09/11/2017
Point (11.23962000000000039 4.69400999999999957),09/11/2017,09/11/2017,4.69401,11.23962,476,maize,0,2017_CM_GARDIAN-62_POINT_11034,11,1200,0,09/11/2017
Point (11.2410199999999989 4.68878000000000039),09/11/2017,09/11/2017,4.68878,11.24102,481,maize,0,2017_CM_GARDIAN-62_POINT_11035,11,1200,0,09/11/2017
Point (11.26483999999999952 4.58536999999999928),09/11/2017,09/11/2017,4.58537,11.26484,459,maize,0,2017_CM_GARDIAN-62_POINT_11036,11,1200,0,09/11/2017
Point (14.27913999999999994 10.57221000000000011),19/09/2017,19/09/2017,10.57221,14.27914,407,maize,0,2017_CM_GARDIAN-62_POINT_11037,11,1200,0,19/09/2017
Point (14.27744999999999997 10.5683600000000002),19/09/2017,19/09/2017,10.56836,14.27745,404,maize,agrumes,2017_CM_GARDIAN-62_POINT_11038,10,9998,0,19/09/2017
Point (14.27772000000000041 10.56818999999999953),19/09/2017,19/09/2017,10.56819,14.27772,411,maize,riz/gombo/oseille/agrume,2017_CM_GARDIAN-62_POINT_11039,10,9998,0,19/09/2017
Point (14.27812000000000126 10.56959999999999944),19/09/2017,19/09/2017,10.5696,14.27812,409,maize,0,2017_CM_GARDIAN-62_POINT_11040,11,1200,0,19/09/2017
Point (14.2651899999999987 10.56457999999999942),19/09/2017,19/09/2017,10.56458,14.26519,416,maize,mil,2017_CM_GARDIAN-62_POINT_11041,10,9998,0,19/09/2017
Point (14.26662999999999926 10.56042000000000058),20/09/2017,20/09/2017,10.56042,14.26663,427,maize,0,2017_CM_GARDIAN-62_POINT_11042,11,1200,0,20/09/2017
Point (14.26515999999999984 10.55871999999999922),20/09/2017,20/09/2017,10.55872,14.26516,425,maize,gombo,2017_CM_GARDIAN-62_POINT_11043,11,9998,0,20/09/2017
Point (14.2613399999999988 10.55763999999999925),20/09/2017,20/09/2017,10.55764,14.26134,417,maize,0,2017_CM_GARDIAN-62_POINT_11044,11,1200,0,20/09/2017
Point (14.25017000000000067 10.54723999999999862),19/09/2017,19/09/2017,10.54724,14.25017,422,maize,0,2017_CM_GARDIAN-62_POINT_11045,11,1200,0,19/09/2017
Point (14.25017000000000067 10.54723999999999862),20/09/2017,20/09/2017,10.54724,14.25017,422,maize,0,2017_CM_GARDIAN-62_POINT_11046,11,1200,0,20/09/2017
Point (14.25268999999999942 10.54256999999999955),20/09/2017,20/09/2017,10.54257,14.25269,419,maize,0,2017_CM_GARDIAN-62_POINT_11047,11,1200,0,20/09/2017
Point (14.2527500000000007 10.54274999999999984),21/09/2017,21/09/2017,10.54275,14.25275,418,maize,pattate,2017_CM_GARDIAN-62_POINT_11048,11,9998,0,21/09/2017
Point (14.25459999999999994 10.54392999999999958),21/09/2017,21/09/2017,10.54393,14.2546,420,maize,pattate,2017_CM_GARDIAN-62_POINT_11049,11,9998,0,21/09/2017
Point (14.30289999999999928 10.58267000000000024),21/09/2017,21/09/2017,10.58267,14.3029,406,maize,mil,2017_CM_GARDIAN-62_POINT_11050,10,9998,0,21/09/2017
Point (14.30175000000000018 10.58278999999999925),21/09/2017,21/09/2017,10.58279,14.30175,405,maize,pattate/haricot,2017_CM_GARDIAN-62_POINT_11051,11,9998,0,21/09/2017
Point (14.30091000000000001 10.58376999999999946),21/09/2017,21/09/2017,10.58377,14.30091,407,maize,pattate,2017_CM_GARDIAN-62_POINT_11052,11,9998,0,21/09/2017
Point (14.28246000000000038 10.55708000000000091),22/09/2017,22/09/2017,10.55708,14.28246,419,maize,0,2017_CM_GARDIAN-62_POINT_11053,11,1200,0,22/09/2017
Point (14.27449999999999974 10.54900000000000126),22/09/2017,22/09/2017,10.549,14.2745,428,maize,0,2017_CM_GARDIAN-62_POINT_11054,11,1200,0,22/09/2017
Point (14.27252000000000187 10.54682000000000031),22/09/2017,22/09/2017,10.54682,14.27252,427,maize,0,2017_CM_GARDIAN-62_POINT_11055,11,1200,0,22/09/2017
Point (14.26873999999999931 10.53927000000000014),22/09/2017,22/09/2017,10.53927,14.26874,430,maize,0,2017_CM_GARDIAN-62_POINT_11056,11,1200,0,22/09/2017
Point (14.26722999999999963 10.52134999999999998),20/09/2017,20/09/2017,10.52135,14.26723,416,maize,gombo,2017_CM_GARDIAN-62_POINT_11057,11,9998,0,20/09/2017
Point (14.2710600000000003 10.52041999999999966),20/09/2017,20/09/2017,10.52042,14.27106,414,maize,0,2017_CM_GARDIAN-62_POINT_11058,11,1200,0,20/09/2017
Point (14.2649000000000008 10.52168999999999954),23/09/2017,23/09/2017,10.52169,14.2649,429,maize,gombo,2017_CM_GARDIAN-62_POINT_11059,11,9998,0,23/09/2017
Point (14.28395000000000081 10.54054999999999964),23/09/2017,23/09/2017,10.54055,14.28395,413,maize,0,2017_CM_GARDIAN-62_POINT_11060,11,1200,0,23/09/2017
Point (14.28547000000000189 10.54462999999999973),20/09/2017,20/09/2017,10.54463,14.28547,408,maize,0,2017_CM_GARDIAN-62_POINT_11061,11,1200,0,20/09/2017
Point (14.28902999999999857 10.5449300000000008),20/09/2017,20/09/2017,10.54493,14.28903,404,maize,0,2017_CM_GARDIAN-62_POINT_11062,11,1200,0,20/09/2017
Point (11.25778000000000034 2.38605),15/10/2017,15/10/2017,2.38605,11.25778,577,maize,0,2017_CM_GARDIAN-62_POINT_11063,11,1200,0,15/10/2017
Point (11.95444999999999958 2.89909000000000017),16/10/2017,16/10/2017,2.89909,11.95445,670,maize,arachide/macabo,2017_CM_GARDIAN-62_POINT_11064,11,9998,0,16/10/2017
Point (11.97020000000000017 2.92094000000000031),16/10/2017,16/10/2017,2.92094,11.9702,681,maize,0,2017_CM_GARDIAN-62_POINT_11065,11,1200,0,16/10/2017
Point (11.96418999999999855 2.96110000000000007),16/10/2017,16/10/2017,2.9611,11.96419,651,maize,0,2017_CM_GARDIAN-62_POINT_11066,11,1200,0,16/10/2017
Point (11.9820499999999992 3.0472999999999999),16/10/2017,16/10/2017,3.0473,11.98205,656,maize,legumes/macabo,2017_CM_GARDIAN-62_POINT_11067,11,9998,0,16/10/2017
Point (11.87858999999999909 3.25685999999999964),16/10/2017,16/10/2017,3.25686,11.87859,665,maize,arachide/macabo/manioc,2017_CM_GARDIAN-62_POINT_11068,11,9998,0,16/10/2017
Point (11.87581000000000131 3.2630300000000001),16/10/2017,16/10/2017,3.26303,11.87581,652,maize,0,2017_CM_GARDIAN-62_POINT_11069,11,1200,0,16/10/2017
Point (11.63206000000000095 4.37330000000000041),17/10/2017,17/10/2017,4.3733,11.63206,474,maize,0,2017_CM_GARDIAN-62_POINT_11070,11,1200,0,17/10/2017
Point (11.63771000000000022 4.40922999999999998),17/10/2017,17/10/2017,4.40923,11.63771,575,maize,palmier/plantain,2017_CM_GARDIAN-62_POINT_11071,10,9998,0,17/10/2017
Point (11.63603999999999949 4.42637999999999998),17/10/2017,17/10/2017,4.42638,11.63604,569,maize,0,2017_CM_GARDIAN-62_POINT_11072,11,1200,0,17/10/2017
Point (11.6315299999999997 4.43346000000000018),17/10/2017,17/10/2017,4.43346,11.63153,598,maize,pattate/plantain,2017_CM_GARDIAN-62_POINT_11073,11,9998,0,17/10/2017
Point (11.72550999999999988 5.26961999999999975),17/10/2017,17/10/2017,5.26962,11.72551,2471,maize,haricot,2017_CM_GARDIAN-62_POINT_11074,11,9998,0,17/10/2017
Point (12.36318999999999946 3.88893000000000022),18/10/2017,18/10/2017,3.88893,12.36319,653,maize,maranthe/arachide/manioc,2017_CM_GARDIAN-62_POINT_11075,11,9998,0,18/10/2017
Point (12.39002999999999943 3.89656000000000002),18/10/2017,18/10/2017,3.89656,12.39003,685,maize,arachide/plantain,2017_CM_GARDIAN-62_POINT_11076,11,9998,0,18/10/2017
Point (12.4870000000000001 3.93050999999999995),18/10/2017,18/10/2017,3.93051,12.487,666,maize,0,2017_CM_GARDIAN-62_POINT_11077,11,1200,0,18/10/2017
Point (12.48503000000000007 3.93039000000000005),18/10/2017,18/10/2017,3.93039,12.48503,694,maize,0,2017_CM_GARDIAN-62_POINT_11078,11,1200,0,18/10/2017
Point (12.46938000000000102 3.91665000000000019),18/10/2017,18/10/2017,3.91665,12.46938,674,maize,0,2017_CM_GARDIAN-62_POINT_11079,11,1200,0,18/10/2017
Point (13.612070000000001 4.51241000000000003),19/10/2017,19/10/2017,4.51241,13.61207,650,maize,0,2017_CM_GARDIAN-62_POINT_11080,11,1200,0,19/10/2017
Point (13.61079999999999934 4.52355000000000018),19/10/2017,19/10/2017,4.52355,13.6108,652,maize,manioc,2017_CM_GARDIAN-62_POINT_11081,11,9998,0,19/10/2017
Point (13.77824999999999989 4.63186999999999927),24/10/2017,24/10/2017,4.63187,13.77825,677,maize,manioc,2017_CM_GARDIAN-62_POINT_11082,11,9998,0,24/10/2017
Point (13.76304999999999978 4.61080000000000023),24/10/2017,24/10/2017,4.6108,13.76305,668,maize,0,2017_CM_GARDIAN-62_POINT_11083,11,1200,0,24/10/2017
Point (13.76534000000000013 4.60980999999999952),24/10/2017,24/10/2017,4.60981,13.76534,681,maize,0,2017_CM_GARDIAN-62_POINT_11084,11,1200,0,24/10/2017
Point (14.18807000000000151 5.52553000000000072),20/10/2017,20/10/2017,5.52553,14.18807,927,maize,manioc,2017_CM_GARDIAN-62_POINT_11085,11,9998,0,20/10/2017
Point (14.43799999999999883 5.98507999999999996),20/10/2017,20/10/2017,5.98508,14.438,938,maize,0,2017_CM_GARDIAN-62_POINT_11086,11,1200,0,20/10/2017
Point (14.28926000000000052 6.5208699999999995),20/10/2017,20/10/2017,6.52087,14.28926,1004,maize,haricot/macabo/igname/maranthe,2017_CM_GARDIAN-62_POINT_11087,11,9998,0,20/10/2017
Point (14.16002999999999901 6.47454999999999981),20/10/2017,20/10/2017,6.47455,14.16003,999,maize,0,2017_CM_GARDIAN-62_POINT_11088,11,1200,0,20/10/2017
Point (14.35098999999999947 4.53459000000000056),21/10/2017,21/10/2017,4.53459,14.35099,619,maize,0,2017_CM_GARDIAN-62_POINT_11089,11,1200,0,21/10/2017
Point (13.13432999999999851 9.35121999999999964),06/09/2017,06/09/2017,9.35122,13.13433,214,maize,0,2017_CM_GARDIAN-62_POINT_11090,11,1200,0,06/09/2017
Point (13.28202999999999889 9.31446000000000041),06/09/2017,06/09/2017,9.31446,13.28203,217,maize,0,2017_CM_GARDIAN-62_POINT_11091,11,1200,0,06/09/2017
Point (13.28551000000000037 9.31424999999999947),06/09/2017,06/09/2017,9.31425,13.28551,227,maize,0,2017_CM_GARDIAN-62_POINT_11092,11,1200,0,06/09/2017
Point (13.29611000000000054 9.31062000000000012),12/08/2017,12/08/2017,9.31062,13.29611,224,maize,0,2017_CM_GARDIAN-62_POINT_11093,11,1200,0,12/08/2017
Point (13.46218999999999966 9.27178999999999931),12/09/2017,12/09/2017,9.27179,13.46219,229,maize,0,2017_CM_GARDIAN-62_POINT_11094,11,1200,0,12/09/2017
Point (13.46504999999999974 9.26774999999999949),12/09/2017,12/09/2017,9.26775,13.46505,241,maize,-,2017_CM_GARDIAN-62_POINT_11095,11,1200,0,12/09/2017
Point (13.46558999999999884 9.26756000000000135),12/09/2017,12/09/2017,9.26756,13.46559,236,maize,-,2017_CM_GARDIAN-62_POINT_11096,11,1200,0,12/09/2017
Point (13.46560999999999986 9.26766000000000112),12/09/2017,12/09/2017,9.26766,13.46561,239,maize,-,2017_CM_GARDIAN-62_POINT_11097,11,1200,0,12/09/2017
Point (13.4653899999999993 9.2674000000000003),13/09/2017,13/09/2017,9.2674,13.46539,242,maize,-,2017_CM_GARDIAN-62_POINT_11098,11,1200,0,13/09/2017
Point (13.49727999999999817 9.29434999999999967),13/09/2017,13/09/2017,9.29435,13.49728,241,maize,-,2017_CM_GARDIAN-62_POINT_11099,11,1200,0,13/09/2017
Point (13.46555999999999997 9.27922000000000047),13/09/2017,13/09/2017,9.27922,13.46556,205,maize,-,2017_CM_GARDIAN-62_POINT_110100,11,1200,0,13/09/2017
Point (13.45507000000000097 9.27983000000000047),13/09/2017,13/09/2017,9.27983,13.45507,206,maize,-,2017_CM_GARDIAN-62_POINT_110101,11,1200,0,13/09/2017
Point (13.44767000000000046 9.27637999999999963),13/09/2017,13/09/2017,9.27638,13.44767,199,maize,-,2017_CM_GARDIAN-62_POINT_110102,11,1200,0,13/09/2017
Point (13.43327000000000204 9.29898999999999987),13/09/2017,13/09/2017,9.29899,13.43327,182,maize,-,2017_CM_GARDIAN-62_POINT_110103,11,1200,0,13/09/2017
Point (13.4127799999999997 9.2939500000000006),13/09/2017,13/09/2017,9.29395,13.41278,177,maize,-,2017_CM_GARDIAN-62_POINT_110104,11,1200,0,13/09/2017
Point (13.4127799999999997 9.29396000000000022),14/09/2017,14/09/2017,9.29396,13.41278,185,maize,-,2017_CM_GARDIAN-62_POINT_110105,11,1200,0,14/09/2017
Point (13.43882000000000154 9.35327000000000019),14/09/2017,14/09/2017,9.35327,13.43882,178,maize,-,2017_CM_GARDIAN-62_POINT_110106,11,1200,0,14/09/2017
Point (13.51126000000000005 9.41631000000000107),14/09/2017,14/09/2017,9.41631,13.51126,196,maize,-,2017_CM_GARDIAN-62_POINT_110107,11,1200,0,14/09/2017
Point (13.51110000000000078 9.42275000000000063),14/09/2017,14/09/2017,9.42275,13.5111,205,maize,-,2017_CM_GARDIAN-62_POINT_110108,11,1200,0,14/09/2017
Point (13.51094999999999935 9.42497000000000007),14/09/2017,14/09/2017,9.42497,13.51095,208,maize,-,2017_CM_GARDIAN-62_POINT_110109,11,1200,0,14/09/2017
Point (13.50748999999999889 9.41178099999999951),14/09/2017,14/09/2017,9.411781,13.50749,209,maize,-,2017_CM_GARDIAN-62_POINT_110110,11,1200,0,14/09/2017
Point (13.50735000000000063 9.42122999999999955),14/09/2017,14/09/2017,9.42123,13.50735,206,maize,-,2017_CM_GARDIAN-62_POINT_110111,11,1200,0,14/09/2017
Point (13.50662000000000162 9.43933999999999962),14/09/2017,14/09/2017,9.43934,13.50662,235,maize,-,2017_CM_GARDIAN-62_POINT_110112,11,1200,0,14/09/2017
Point (13.13432999999999851 9.35121999999999964),04/09/2017,04/09/2017,9.35122,13.13433,214,maize,no,2017_CM_GARDIAN-62_POINT_110113,11,1200,0,04/09/2017
Point (10.41583999999999932 5.36190999999999995),26/10/2017,26/10/2017,5.36191,10.41584,1513,maize,bean/ageratum,2017_CM_GARDIAN-62_POINT_110114,11,9998,0,26/10/2017
Point (10.42033999999999949 5.44281999999999933),26/10/2017,26/10/2017,5.44282,10.42034,1425,maize,potato/bean,2017_CM_GARDIAN-62_POINT_110115,11,9998,0,26/10/2017
Point (10.47348000000000035 5.48336000000000023),26/10/2017,26/10/2017,5.48336,10.47348,1243,maize,bean,2017_CM_GARDIAN-62_POINT_110116,11,9998,0,26/10/2017
Point (10.52416000000000018 5.4373800000000001),26/10/2017,26/10/2017,5.43738,10.52416,1030,maize,bean,2017_CM_GARDIAN-62_POINT_110117,11,9998,0,26/10/2017
Point (10.8832899999999988 5.73768999999999973),27/10/2017,27/10/2017,5.73769,10.88329,1131,maize,bean,2017_CM_GARDIAN-62_POINT_110118,11,9998,0,27/10/2017
Point (11.10997000000000057 5.87275999999999954),27/10/2017,27/10/2017,5.87276,11.10997,856,maize,-,2017_CM_GARDIAN-62_POINT_110119,11,1200,0,27/10/2017
Point (11.12541000000000047 5.89144999999999985),27/10/2017,27/10/2017,5.89145,11.12541,725,maize,-,2017_CM_GARDIAN-62_POINT_110120,11,1200,0,27/10/2017
Point (11.24186000000000085 5.97782999999999998),27/10/2017,27/10/2017,5.97783,11.24186,734,maize,bean,2017_CM_GARDIAN-62_POINT_110121,11,9998,0,27/10/2017
Point (10.96546000000000021 6.32552000000000003),28/10/2017,28/10/2017,6.32552,10.96546,767,maize,-,2017_CM_GARDIAN-62_POINT_110122,11,1200,0,28/10/2017
Point (10.96448999999999963 6.32278000000000073),28/10/2017,28/10/2017,6.32278,10.96449,766,maize,-,2017_CM_GARDIAN-62_POINT_110123,11,1200,0,28/10/2017
Point (10.9671599999999998 6.3220300000000007),28/10/2017,28/10/2017,6.32203,10.96716,772,maize,-,2017_CM_GARDIAN-62_POINT_110124,11,1200,0,28/10/2017
Point (10.57896000000000036 6.03371000000000013),29/10/2017,29/10/2017,6.03371,10.57896,955,maize,bean,2017_CM_GARDIAN-62_POINT_110125,11,9998,0,29/10/2017
Point (10.46147000000000027 6.07885000000000009),29/10/2017,29/10/2017,6.07885,10.46147,1176,maize,okra/colocasia/pepper/eggplant,2017_CM_GARDIAN-62_POINT_110126,11,9998,0,29/10/2017
Point (10.46147000000000027 6.07885000000000009),30/10/2017,30/10/2017,6.07885,10.46147,1176,maize,okra/colocasia/pepper/eggplant,2017_CM_GARDIAN-62_POINT_110127,11,9998,0,30/10/2017
Point (11.39259999999999984 2.3274499999999998),15/10/2017,15/10/2017,2.32745,11.3926,583,maize,-,2017_CM_GARDIAN-62_POINT_110128,11,1200,0,15/10/2017
Point (11.44030000000000058 2.31950999999999974),15/10/2017,15/10/2017,2.31951,11.4403,589,maize,pattate,2017_CM_GARDIAN-62_POINT_110129,11,9998,0,15/10/2017
Point (10.46218999999999966 6.07938000000000045),29/10/2017,29/10/2017,6.07938,10.46219,1181,maize,eggplant,2017_CM_GARDIAN-62_POINT_110130,11,9998,0,29/10/2017
Point (10.45426999999999929 6.0001199999999999),29/10/2017,29/10/2017,6.00012,10.45427,1187,maize,eggplant,2017_CM_GARDIAN-62_POINT_110131,11,9998,0,29/10/2017
Point (10.16218999999999895 5.91444599999999987),30/10/2017,30/10/2017,5.914446,10.16219,1540,maize,oilpalm,2017_CM_GARDIAN-62_POINT_110132,10,9998,0,30/10/2017
Point (10.15726000000000084 5.83509999999999973),30/10/2017,30/10/2017,5.8351,10.15726,1910,maize,oilpalm,2017_CM_GARDIAN-62_POINT_110133,10,9998,0,30/10/2017
Point (10.14401999999999937 4.83492999999999995),30/10/2017,30/10/2017,4.83493,10.14402,1932,maize,bean/colocacia,2017_CM_GARDIAN-62_POINT_110134,11,9998,0,30/10/2017
Point (10.10267999999999944 5.79851000000000028),30/10/2017,30/10/2017,5.79851,10.10268,1800,maize,cucumber,2017_CM_GARDIAN-62_POINT_110135,11,9998,0,30/10/2017
Point (10.26665000000000028 6.00781999999999972),31/10/2017,31/10/2017,6.00782,10.26665,1422,maize,bean/banana,2017_CM_GARDIAN-62_POINT_110136,10,9998,0,31/10/2017
Point (10.23401999999999923 6.03139999999999965),31/10/2017,31/10/2017,6.0314,10.23402,1253,maize,bean/cowpea,2017_CM_GARDIAN-62_POINT_110137,11,9998,0,31/10/2017
Point (10.17741999999999969 5.98547999999999991),31/10/2017,31/10/2017,5.98548,10.17742,1217,maize,bean/sweetpotato/cassava,2017_CM_GARDIAN-62_POINT_110138,11,9998,0,31/10/2017
Point (10.12950999999999979 6.00570999999999966),31/10/2017,31/10/2017,6.00571,10.12951,1299,maize,/,2017_CM_GARDIAN-62_POINT_110139,11,1200,0,31/10/2017
Point (9.98643000000000036 5.88236999999999988),01/11/2017,01/11/2017,5.88237,9.98643,1284,maize,bean,2017_CM_GARDIAN-62_POINT_110140,11,9998,0,01/11/2017
Point (9.90435000000000088 5.85179999999999989),01/11/2017,01/11/2017,5.8518,9.90435,1166,maize,bean,2017_CM_GARDIAN-62_POINT_110141,11,9998,0,01/11/2017
Point (9.70348000000000077 5.79403000000000024),01/11/2017,01/11/2017,5.79403,9.70348,285,maize,cassava,2017_CM_GARDIAN-62_POINT_110142,11,9998,0,01/11/2017
Point (9.68374000000000024 5.72616000000000014),01/11/2017,01/11/2017,5.72616,9.68374,213,maize,groundnut,2017_CM_GARDIAN-62_POINT_110143,11,9998,0,01/11/2017
Point (9.29176000000000002 5.70121999999999929),02/11/2017,02/11/2017,5.70122,9.29176,123,maize,plantain,2017_CM_GARDIAN-62_POINT_110144,11,9998,0,02/11/2017
Point (9.24517999999999951 5.5129999999999999),02/11/2017,02/11/2017,5.513,9.24518,162,maize,cassava,2017_CM_GARDIAN-62_POINT_110145,11,9998,0,02/11/2017
Point (9.2289999999999992 5.68984000000000023),02/11/2017,02/11/2017,5.68984,9.229,146,maize,cassava,2017_CM_GARDIAN-62_POINT_110146,11,9998,0,02/11/2017
Point (9.32336999999999883 5.76299000000000028),02/11/2017,02/11/2017,5.76299,9.32337,84,maize,-,2017_CM_GARDIAN-62_POINT_110147,11,1200,0,02/11/2017
Point (9.47533999999999921 4.63781999999999961),03/11/2017,03/11/2017,4.63782,9.47534,194,maize,cassava,2017_CM_GARDIAN-62_POINT_110148,11,9998,0,03/11/2017
Point (9.48362000000000016 4.6619199999999994),03/11/2017,03/11/2017,4.66192,9.48362,217,maize,cocoyam/cassava,2017_CM_GARDIAN-62_POINT_110149,11,9998,0,03/11/2017
Point (9.4734499999999997 4.61576999999999948),03/11/2017,03/11/2017,4.61577,9.47345,196,maize,ageratum,2017_CM_GARDIAN-62_POINT_110150,11,9998,0,03/11/2017
Point (10.14713000000000065 5.73638000000000048),13/10/2017,13/10/2017,5.73638,10.14713,1756,maize,bean/carrot,2017_CM_GARDIAN-62_POINT_110151,11,9998,0,13/10/2017
Point (10.14128000000000007 5.73478000000000065),13/10/2017,13/10/2017,5.73478,10.14128,1774,maize,bean/colocasia,2017_CM_GARDIAN-62_POINT_110152,11,9998,0,13/10/2017
Point (10.18440000000000012 5.72476999999999947),13/10/2017,13/10/2017,5.72477,10.1844,1530,maize,bean/colocacsia/argeratum,2017_CM_GARDIAN-62_POINT_110153,11,9998,0,13/10/2017
Point (10.21931000000000012 5.66649000000000047),13/10/2017,13/10/2017,5.66649,10.21931,1445,maize,-,2017_CM_GARDIAN-62_POINT_110154,11,1200,0,13/10/2017
Point (10.58339799999999897 5.48684999999999956),14/10/2017,14/10/2017,5.48685,10.583398,1025,maize,-,2017_CM_GARDIAN-62_POINT_110155,11,1200,0,14/10/2017
Point (10.62711999999999968 5.49652999999999992),14/10/2017,14/10/2017,5.49653,10.62712,1075,maize,ean/colocasia,2017_CM_GARDIAN-62_POINT_110156,11,9998,0,14/10/2017
Point (10.64803999999999995 5.52658000000000005),14/10/2017,14/10/2017,5.52658,10.64804,1097,maize,bean,2017_CM_GARDIAN-62_POINT_110157,11,9998,0,14/10/2017
Point (10.67329999999999934 5.56770000000000032),14/10/2017,14/10/2017,5.5677,10.6733,1115,maize,africannightshade,2017_CM_GARDIAN-62_POINT_110158,11,9998,0,14/10/2017
Point (10.30873000000000062 5.48310999999999993),15/10/2017,15/10/2017,5.48311,10.30873,1482,maize,bean,2017_CM_GARDIAN-62_POINT_110159,11,9998,0,15/10/2017
Point (10.18331000000000053 5.48975999999999953),15/10/2017,15/10/2017,5.48976,10.18331,1535,maize,bean,2017_CM_GARDIAN-62_POINT_110160,11,9998,0,15/10/2017
Point (10.30349999999999966 5.47660999999999998),15/10/2017,15/10/2017,5.47661,10.3035,1491,maize,-,2017_CM_GARDIAN-62_POINT_110161,11,1200,0,15/10/2017
Point (10.09483999999999959 5.57387999999999995),15/10/2017,15/10/2017,5.57388,10.09484,1821,maize,-,2017_CM_GARDIAN-62_POINT_110162,11,1200,0,15/10/2017
Point (10.0065299999999997 5.31978000000000062),16/10/2017,16/10/2017,5.31978,10.00653,728,maize,cocoyam/soybean/jutemallow/cassava,2017_CM_GARDIAN-62_POINT_110163,11,9998,0,16/10/2017
Point (9.9915699999999994 5.18698000000000015),16/10/2017,16/10/2017,5.18698,9.99157,707,maize,bean/sweetpotatoe,2017_CM_GARDIAN-62_POINT_110164,11,9998,0,16/10/2017
Point (9.95232000000000028 5.10546999999999951),16/10/2017,16/10/2017,5.10547,9.95232,829,maize,cassava/coffee,2017_CM_GARDIAN-62_POINT_110165,10,9998,0,16/10/2017
Point (9.88731000000000115 6.87653999999999943),16/10/2017,16/10/2017,6.87654,9.88731,629,maize,sweetpotato,2017_CM_GARDIAN-62_POINT_110166,11,9998,0,16/10/2017
Point (9.29251000000000005 4.83380999999999972),16/10/2017,16/10/2017,4.83381,9.29251,474,maize,-,2017_CM_GARDIAN-62_POINT_110167,11,1200,0,16/10/2017
Point (9.67117000000000004 4.64268000000000036),16/10/2017,16/10/2017,4.64268,9.67117,177,maize,-,2017_CM_GARDIAN-62_POINT_110168,11,1200,0,16/10/2017
Point (9.6021099999999997 4.56193000000000026),17/10/2017,17/10/2017,4.56193,9.60211,67,maize,-,2017_CM_GARDIAN-62_POINT_110169,11,1200,0,17/10/2017
Point (9.60342999999999947 4.19172000000000011),17/10/2017,17/10/2017,4.19172,9.60343,68,maize,cassava/sweetpotato/groundnuts,2017_CM_GARDIAN-62_POINT_110170,11,9998,0,17/10/2017
Point (9.40527999999999942 4.61231999999999953),31/10/2017,31/10/2017,4.61232,9.40528,241,maize,cocoa/plantain/puraea,2017_CM_GARDIAN-62_POINT_110171,10,9998,0,31/10/2017
Point (9.46584000000000003 4.59524000000000044),03/11/2017,03/11/2017,4.59524,9.46584,188,maize,plantain/cocoa,2017_CM_GARDIAN-62_POINT_110172,10,9998,0,03/11/2017
Point (9.32737999999999978 4.22968999999999973),04/11/2017,04/11/2017,4.22969,9.32738,382,maize,-,2017_CM_GARDIAN-62_POINT_110173,11,1200,0,04/11/2017
Point (9.34273999999999916 4.23489000000000004),04/11/2017,04/11/2017,4.23489,9.34274,345,maize,cassava/vernonia,2017_CM_GARDIAN-62_POINT_110174,11,9998,0,04/11/2017
Point (9.30823999999999963 4.17896999999999963),04/11/2017,04/11/2017,4.17897,9.30824,482,maize,cassava,2017_CM_GARDIAN-62_POINT_110175,11,9998,0,04/11/2017
Point (9.2242999999999995 4.13466999999999985),04/11/2017,04/11/2017,4.13467,9.2243,925,maize,argeratum,2017_CM_GARDIAN-62_POINT_110176,11,9998,0,04/11/2017
Point (10.11402000000000001 3.59296999999999978),05/11/2017,05/11/2017,3.59297,10.11402,42,maize,groundnuts/plantain,2017_CM_GARDIAN-62_POINT_110177,11,9998,0,05/11/2017
Point (10.10766999999999882 3.69086999999999987),05/11/2017,05/11/2017,3.69087,10.10767,83,maize,groundnuts,2017_CM_GARDIAN-62_POINT_110178,11,9998,0,05/11/2017
Point (10.26811999999999969 3.80740999999999996),05/11/2017,05/11/2017,3.80741,10.26812,142,maize,cassava,2017_CM_GARDIAN-62_POINT_110179,11,9998,0,05/11/2017
Point (10.58948999999999963 2.96822000000000008),06/11/2017,06/11/2017,2.96822,10.58949,236,maize,plantain,2017_CM_GARDIAN-62_POINT_110180,11,9998,0,06/11/2017
Point (10.58952000000000027 3.96819000000000033),06/11/2017,06/11/2017,3.96819,10.58952,264,maize,cassava,2017_CM_GARDIAN-62_POINT_110181,11,9998,0,06/11/2017
Point (10.59238999999999997 3.94056999999999968),06/11/2017,06/11/2017,3.94057,10.59239,230,maize,groundnuts,2017_CM_GARDIAN-62_POINT_110182,11,9998,0,06/11/2017
Point (11.51491000000000042 3.53725999999999985),30/05/2017,30/05/2017,3.53726,11.51491,685,maize,legumes,2017_CM_GARDIAN-62_POINT_110183,11,9998,0,30/05/2017
Point (11.5139800000000001 3.53085999999999967),30/05/2017,30/05/2017,3.53086,11.51398,662,maize,manioc,2017_CM_GARDIAN-62_POINT_110184,11,9998,0,30/05/2017
Point (11.51708999999999961 3.47824),30/05/2017,30/05/2017,3.47824,11.51709,645,maize,arachide,2017_CM_GARDIAN-62_POINT_110185,11,9998,0,30/05/2017
Point (11.53906999999999883 3.46666500000000033),30/05/2017,30/05/2017,3.466665,11.53907,676,maize,no,2017_CM_GARDIAN-62_POINT_110186,11,1200,0,30/05/2017
Point (11.5616500000000002 3.46686000000000005),30/05/2017,30/05/2017,3.46686,11.56165,664,maize,no,2017_CM_GARDIAN-62_POINT_110187,11,1200,0,30/05/2017
Point (11.17815000000000047 2.91188000000000002),30/05/2017,30/05/2017,2.91188,11.17815,583,maize,legumes/manioc,2017_CM_GARDIAN-62_POINT_110188,11,9998,0,30/05/2017
Point (11.14413000000000054 2.91471999999999998),31/05/2017,31/05/2017,2.91472,11.14413,602,maize,no,2017_CM_GARDIAN-62_POINT_110189,11,1200,0,31/05/2017
Point (11.15065000000000062 2.89795999999999987),31/05/2017,31/05/2017,2.89796,11.15065,592,maize,manioc,2017_CM_GARDIAN-62_POINT_110190,11,9998,0,31/05/2017
Point (11.12811999999999912 2.93608000000000002),31/05/2017,31/05/2017,2.93608,11.12812,611,maize,arachide/manioc,2017_CM_GARDIAN-62_POINT_110191,11,9998,0,31/05/2017
Point (11.11989999999999945 2.94337999999999989),31/05/2017,31/05/2017,2.94338,11.1199,614,maize,no,2017_CM_GARDIAN-62_POINT_110192,11,1200,0,31/05/2017
Point (11.15486999999999895 2.83111999999999986),31/05/2017,31/05/2017,2.83112,11.15487,614,maize,manios/cacao,2017_CM_GARDIAN-62_POINT_110193,10,9998,0,31/05/2017
Point (11.15634000000000015 2.83143000000000011),31/05/2017,31/05/2017,2.83143,11.15634,610,maize,manioc/arachide,2017_CM_GARDIAN-62_POINT_110194,11,9998,0,31/05/2017
Point (11.1332899999999988 2.8178700000000001),31/05/2017,31/05/2017,2.81787,11.13329,572,maize,no,2017_CM_GARDIAN-62_POINT_110195,11,1200,0,31/05/2017
Point (11.13203000000000031 2.81254000000000026),31/05/2017,31/05/2017,2.81254,11.13203,567,maize,no,2017_CM_GARDIAN-62_POINT_110196,11,1200,0,31/05/2017
Point (11.12943000000000104 2.81574999999999998),31/05/2017,31/05/2017,2.81575,11.12943,570,maize,manioc/arachide,2017_CM_GARDIAN-62_POINT_110197,11,9998,0,31/05/2017
Point (11.25661000000000023 2.38639000000000001),01/06/2017,01/06/2017,2.38639,11.25661,585,maize,manioc/macabo/pattate,2017_CM_GARDIAN-62_POINT_110198,11,9998,0,01/06/2017
Point (11.26864999999999917 2.39510999999999985),01/06/2017,01/06/2017,2.39511,11.26865,570,maize,no,2017_CM_GARDIAN-62_POINT_110199,11,1200,0,01/06/2017
Point (11.25999999999999979 2.38779999999999992),01/06/2017,01/06/2017,2.3878,11.26,610,maize,legumes/manioc/macabo/gombo,2017_CM_GARDIAN-62_POINT_110200,11,9998,0,01/06/2017
Point (11.30113000000000056 2.38827999999999996),01/06/2017,01/06/2017,2.38828,11.30113,607,maize,manioc/legumes/papaye/macabo,2017_CM_GARDIAN-62_POINT_110201,10,9998,0,01/06/2017
Point (11.43491000000000035 2.32461999999999991),01/06/2017,01/06/2017,2.32462,11.43491,556,maize,arachide/gombo/pattate,2017_CM_GARDIAN-62_POINT_110202,11,9998,0,01/06/2017
Point (11.43941000000000052 2.31669999999999998),01/06/2017,01/06/2017,2.3167,11.43941,582,maize,manioc,2017_CM_GARDIAN-62_POINT_110203,11,9998,0,01/06/2017
Point (11.98192000000000057 2.95462999999999987),02/06/2017,02/06/2017,2.95463,11.98192,688,maize,arachide/pattate,2017_CM_GARDIAN-62_POINT_110204,11,9998,0,02/06/2017
Point (11.97824999999999918 2.95348999999999995),02/06/2017,02/06/2017,2.95349,11.97825,688,maize,manioc/banane,2017_CM_GARDIAN-62_POINT_110205,10,9998,0,02/06/2017
Point (11.96826000000000079 2.95538999999999996),02/06/2017,02/06/2017,2.95539,11.96826,656,maize,legumes/manioc/banane,2017_CM_GARDIAN-62_POINT_110206,11,9998,0,02/06/2017
Point (11.96073999999999948 2.97797000000000001),02/06/2017,02/06/2017,2.97797,11.96074,698,maize,manioc/arachide,2017_CM_GARDIAN-62_POINT_110207,11,9998,0,02/06/2017
Point (11.96057000000000059 2.98855999999999966),02/06/2017,02/06/2017,2.98856,11.96057,660,maize,gombo/arachide/manioc/macabo,2017_CM_GARDIAN-62_POINT_110208,11,9998,0,02/06/2017
Point (11.83117000000000019 3.11920000000000019),02/06/2017,02/06/2017,3.1192,11.83117,684,maize,manioc/arachide/plantain/macabo,2017_CM_GARDIAN-62_POINT_110209,11,9998,0,02/06/2017
Point (11.82789999999999964 3.14902000000000015),02/06/2017,02/06/2017,3.14902,11.8279,696,maize,manioc/arachide/macabo,2017_CM_GARDIAN-62_POINT_110210,11,9998,0,02/06/2017
Point (11.83048999999999928 3.15350999999999981),02/06/2017,02/06/2017,3.15351,11.83049,701,maize,manioc/arachide,2017_CM_GARDIAN-62_POINT_110211,11,9998,0,02/06/2017
Point (11.78482999999999947 3.24531999999999998),02/06/2017,02/06/2017,3.24532,11.78483,664,maize,arachide/manioc/plantain,2017_CM_GARDIAN-62_POINT_110212,11,9998,0,02/06/2017
Point (11.82038000000000011 3.16701999999999995),02/06/2017,02/06/2017,3.16702,11.82038,704,maize,no,2017_CM_GARDIAN-62_POINT_110213,11,1200,0,02/06/2017
Point (11.53229999999999933 4.46309999999999985),03/06/2017,03/06/2017,4.4631,11.5323,444,maize,no,2017_CM_GARDIAN-62_POINT_110214,11,1200,0,03/06/2017
Point (12.29573000000000071 3.86220000000000008),04/06/2017,04/06/2017,3.8622,12.29573,671,maize,manioc/arachide/tomate/macabo,2017_CM_GARDIAN-62_POINT_110215,11,9998,0,04/06/2017
Point (13.61357000000000106 4.5136099999999999),04/06/2017,04/06/2017,4.51361,13.61357,659,maize,no,2017_CM_GARDIAN-62_POINT_110216,11,1200,0,04/06/2017
Point (13.61524999999999963 4.54096000000000011),05/06/2017,05/06/2017,4.54096,13.61525,669,maize,no,2017_CM_GARDIAN-62_POINT_110217,11,1200,0,05/06/2017
Point (13.65998999999999874 4.57272999999999996),05/06/2017,05/06/2017,4.57273,13.65999,668,maize,plamier.manioc.gombo.arachide,2017_CM_GARDIAN-62_POINT_110218,11,9998,0,05/06/2017
Point (13.70842000000000205 4.57985000000000042),05/06/2017,05/06/2017,4.57985,13.70842,703,maize,manioc,2017_CM_GARDIAN-62_POINT_110219,11,9998,0,05/06/2017
Point (13.7506200000000014 4.59473999999999982),05/06/2017,05/06/2017,4.59474,13.75062,699,maize,-,2017_CM_GARDIAN-62_POINT_110220,11,1200,0,05/06/2017
Point (14.2788200000000014 5.50490999999999975),05/06/2017,05/06/2017,5.50491,14.27882,935,maize,legume.plantain,2017_CM_GARDIAN-62_POINT_110221,11,9998,0,05/06/2017
Point (14.27837000000000067 5.50403999999999982),05/06/2017,05/06/2017,5.50404,14.27837,942,maize,no,2017_CM_GARDIAN-62_POINT_110222,11,1200,0,05/06/2017
Point (14.35679999999999978 5.61667000000000005),05/06/2017,05/06/2017,5.61667,14.3568,915,maize,no,2017_CM_GARDIAN-62_POINT_110223,11,1200,0,05/06/2017
Point (14.50513999999999903 5.89313999999999982),05/06/2017,05/06/2017,5.89314,14.50514,1012,maize,no,2017_CM_GARDIAN-62_POINT_110224,11,1200,0,05/06/2017
Point (14.47678999999999938 5.9094199999999999),05/06/2017,05/06/2017,5.90942,14.47679,986,maize,maniocarachide,2017_CM_GARDIAN-62_POINT_110225,11,9998,0,05/06/2017
Point (14.28909999999999947 6.51989999999999981),06/06/2017,06/06/2017,6.5199,14.2891,993,maize,no,2017_CM_GARDIAN-62_POINT_110226,11,1200,0,06/06/2017
Point (14.28284999999999982 6.52255999999999947),06/06/2017,06/06/2017,6.52256,14.28285,1048,maize,arachide/gombo,2017_CM_GARDIAN-62_POINT_110227,11,9998,0,06/06/2017
Point (14.27526000000000117 6.51326999999999945),07/06/2017,07/06/2017,6.51327,14.27526,1008,maize,arachide/legumes,2017_CM_GARDIAN-62_POINT_110228,11,9998,0,07/06/2017
Point (14.26593999999999873 6.48341000000000012),07/06/2017,07/06/2017,6.48341,14.26594,970,maize,plantain/arachide,2017_CM_GARDIAN-62_POINT_110229,11,9998,0,07/06/2017
Point (14.27396000000000065 6.45378000000000007),08/06/2017,08/06/2017,6.45378,14.27396,990,maize,haricot/manioc/arachide,2017_CM_GARDIAN-62_POINT_110230,11,9998,0,08/06/2017
Point (10.55441000000000074 5.4843800000000007),30/05/2017,30/05/2017,5.48438,10.55441,1012,maize,ageratumconizoides/elephantgrass,2017_CM_GARDIAN-62_POINT_110231,11,9998,0,30/05/2017
Point (10.55289999999999928 5.48338999999999999),30/05/2017,30/05/2017,5.48339,10.5529,1005,maize,ageratumconizoides,2017_CM_GARDIAN-62_POINT_110232,11,9998,0,30/05/2017
Point (10.60784999999999911 5.49293000000000031),30/05/2017,30/05/2017,5.49293,10.60785,1038,maize,-,2017_CM_GARDIAN-62_POINT_110233,11,1200,0,30/05/2017
Point (10.66726000000000063 5.56071999999999989),30/05/2017,30/05/2017,5.56072,10.66726,1144,maize,ageratumconizoides,2017_CM_GARDIAN-62_POINT_110234,11,9998,0,30/05/2017
Point (10.69575999999999993 5.60055000000000014),30/05/2017,30/05/2017,5.60055,10.69576,1139,maize,-,2017_CM_GARDIAN-62_POINT_110235,11,1200,0,30/05/2017
Point (10.42751999999999946 5.38841999999999999),31/05/2017,31/05/2017,5.38842,10.42752,1555,maize,cocoyam/potato/cassava,2017_CM_GARDIAN-62_POINT_110236,11,9998,0,31/05/2017
Point (10.41507000000000005 5.33540999999999954),31/05/2017,31/05/2017,5.33541,10.41507,1622,maize,bean/cassava,2017_CM_GARDIAN-62_POINT_110237,11,9998,0,31/05/2017
Point (10.45153999999999961 5.32725000000000026),31/05/2017,31/05/2017,5.32725,10.45154,1549,maize,-,2017_CM_GARDIAN-62_POINT_110238,11,1200,0,31/05/2017
Point (10.35041999999999973 5.51980999999999966),31/05/2017,31/05/2017,5.51981,10.35042,1266,maize,okra/bean,2017_CM_GARDIAN-62_POINT_110239,11,9998,0,31/05/2017
Point (10.30363999999999969 5.57652999999999999),31/05/2017,31/05/2017,5.57653,10.30364,1326,maize,plantain/banana/avocado/plumtrees,2017_CM_GARDIAN-62_POINT_110240,10,9998,0,31/05/2017
Point (10.30213999999999963 5.47635000000000005),06/01/2017,06/01/2017,5.47635,10.30214,1530,maize,avocado/plantain,2017_CM_GARDIAN-62_POINT_110241,10,9998,0,06/01/2017
Point (10.25308000000000064 5.49789999999999957),06/01/2017,06/01/2017,5.4979,10.25308,1458,maize,bean,2017_CM_GARDIAN-62_POINT_110242,11,9998,0,06/01/2017
Point (10.17350000000000065 5.48934999999999995),06/01/2017,06/01/2017,5.48935,10.1735,1481,maize,bean,2017_CM_GARDIAN-62_POINT_110243,11,9998,0,06/01/2017
Point (10.07983000000000118 5.44704000000000033),06/01/2017,06/01/2017,5.44704,10.07983,1449,maize,bean,2017_CM_GARDIAN-62_POINT_110244,11,9998,0,06/01/2017
Point (10.03073999999999977 5.42848000000000042),06/01/2017,06/01/2017,5.42848,10.03074,1337,maize,bean/plantain,2017_CM_GARDIAN-62_POINT_110245,10,9998,0,06/01/2017
Point (9.97667000000000037 5.29129000000000005),06/02/2017,06/02/2017,5.29129,9.97667,726,maize,-,2017_CM_GARDIAN-62_POINT_110246,11,1200,0,06/02/2017
Point (10.00996999999999915 5.32558000000000042),06/02/2017,06/02/2017,5.32558,10.00997,725,maize,-,2017_CM_GARDIAN-62_POINT_110247,11,1200,0,06/02/2017
Point (9.91646000000000072 5.29694999999999983),06/02/2017,06/02/2017,5.29695,9.91646,754,maize,cassava,2017_CM_GARDIAN-62_POINT_110248,11,9998,0,06/02/2017
Point (9.99181000000000097 5.20152999999999999),06/02/2017,06/02/2017,5.20153,9.99181,713,maize,-,2017_CM_GARDIAN-62_POINT_110249,11,1200,0,06/02/2017
Point (9.97151000000000032 5.1516099999999998),06/02/2017,06/02/2017,5.15161,9.97151,730,maize,caffee/oilpalm,2017_CM_GARDIAN-62_POINT_110250,10,9998,0,06/02/2017
Point (9.71460000000000079 4.69603999999999999),06/03/2017,06/03/2017,4.69604,9.7146,257,maize,watermelon,2017_CM_GARDIAN-62_POINT_110251,11,9998,0,06/03/2017
Point (9.65498000000000012 4.58408999999999978),06/03/2017,06/03/2017,4.58409,9.65498,95,maize,ageratum,2017_CM_GARDIAN-62_POINT_110252,11,9998,0,06/03/2017
Point (9.67960000000000065 4.57078000000000007),06/03/2017,06/03/2017,4.57078,9.6796,105,maize,-,2017_CM_GARDIAN-62_POINT_110253,11,1200,0,06/03/2017
Point (9.65831000000000017 4.64284000000000052),06/03/2017,06/03/2017,4.64284,9.65831,219,maize,-,2017_CM_GARDIAN-62_POINT_110254,11,1200,0,06/03/2017
Point (9.59759999999999991 4.52904000000000018),06/03/2017,06/03/2017,4.52904,9.5976,60,maize,groundnuts,2017_CM_GARDIAN-62_POINT_110255,11,9998,0,06/03/2017
Point (9.34185000000000088 4.23166999999999938),06/04/2017,06/04/2017,4.23167,9.34185,356,maize,sweetpotato/papaya,2017_CM_GARDIAN-62_POINT_110256,10,9998,0,06/04/2017
Point (9.30791999999999931 4.17806999999999995),06/04/2017,06/04/2017,4.17807,9.30792,519,maize,tomato,2017_CM_GARDIAN-62_POINT_110257,11,9998,0,06/04/2017
Point (9.29827899999999907 4.17840999999999951),06/04/2017,06/04/2017,4.17841,9.298279,564,maize,africannightshade,2017_CM_GARDIAN-62_POINT_110258,11,9998,0,06/04/2017
Point (9.29908000000000001 4.18376999999999999),06/04/2017,06/04/2017,4.18377,9.29908,563,maize,-,2017_CM_GARDIAN-62_POINT_110259,11,1200,0,06/04/2017
Point (9.29633000000000109 4.19059999999999988),06/04/2017,06/04/2017,4.1906,9.29633,557,maize,-,2017_CM_GARDIAN-62_POINT_110260,11,1200,0,06/04/2017
Point (9.45986000000000082 4.5849000000000002),06/05/2017,06/05/2017,4.5849,9.45986,186,maize,curcubite,2017_CM_GARDIAN-62_POINT_110261,11,9998,0,06/05/2017
Point (9.47333000000000069 4.57831999999999972),06/05/2017,06/05/2017,4.57832,9.47333,159,maize,curcubite/cassava,2017_CM_GARDIAN-62_POINT_110262,11,9998,0,06/05/2017
Point (9.42721000000000053 4.6311599999999995),06/05/2017,06/05/2017,4.63116,9.42721,246,maize,curcubite,2017_CM_GARDIAN-62_POINT_110263,11,9998,0,06/05/2017
Point (9.37733000000000061 4.60879999999999956),06/05/2017,06/05/2017,4.6088,9.37733,238,maize,curcubit,2017_CM_GARDIAN-62_POINT_110264,11,9998,0,06/05/2017
Point (9.47888000000000019 4.6411699999999998),06/05/2017,06/05/2017,4.64117,9.47888,240,maize,curcubit,2017_CM_GARDIAN-62_POINT_110265,11,9998,0,06/05/2017
Point (9.30837000000000003 5.76522999999999985),06/06/2017,06/06/2017,5.76523,9.30837,58,maize,curcubits,2017_CM_GARDIAN-62_POINT_110266,11,9998,0,06/06/2017
Point (9.29471999999999987 5.76674000000000042),06/06/2017,06/06/2017,5.76674,9.29472,87,maize,curcubits(egussi),2017_CM_GARDIAN-62_POINT_110267,11,9998,0,06/06/2017
Point (9.30212000000000039 5.71484000000000059),06/06/2017,06/06/2017,5.71484,9.30212,115,maize,curcubits,2017_CM_GARDIAN-62_POINT_110268,11,9998,0,06/06/2017
Point (9.98770000000000024 5.85090999999999983),06/06/2017,06/06/2017,5.85091,9.9877,162,maize,curcubits,2017_CM_GARDIAN-62_POINT_110269,11,9998,0,06/06/2017
Point (9.40980000000000061 5.69916999999999963),06/06/2017,06/06/2017,5.69917,9.4098,139,maize,curcubits,2017_CM_GARDIAN-62_POINT_110270,11,9998,0,06/06/2017
Point (10.1872000000000007 5.99120000000000008),06/07/2017,06/07/2017,5.9912,10.1872,1248,maize,bean/oilpalm,2017_CM_GARDIAN-62_POINT_110271,10,9998,0,06/07/2017
Point (10.23597000000000001 6.04101999999999961),06/07/2017,06/07/2017,6.04102,10.23597,1258,maize,beans/cocyam/plantain,2017_CM_GARDIAN-62_POINT_110272,11,9998,0,06/07/2017
Point (10.25316000000000116 6.00534999999999997),06/07/2017,06/07/2017,6.00535,10.25316,1348,maize,-,2017_CM_GARDIAN-62_POINT_110273,11,1200,0,06/07/2017
Point (10.29062000000000054 6.00480999999999998),06/07/2017,06/07/2017,6.00481,10.29062,1801,maize,elephantgrasses/maize,2017_CM_GARDIAN-62_POINT_110274,11,9998,0,06/07/2017
Point (10.31610000000000049 6.00680999999999976),06/07/2017,06/07/2017,6.00681,10.3161,1690,maize,bean,2017_CM_GARDIAN-62_POINT_110275,11,9998,0,06/07/2017
Point (10.65301000000000009 6.16753000000000018),06/08/2017,06/08/2017,6.16753,10.65301,1889,maize,bean/potato/yam,2017_CM_GARDIAN-62_POINT_110276,11,9998,0,06/08/2017
Point (10.62853999999999921 6.13839000000000024),06/08/2017,06/08/2017,6.13839,10.62854,1642,maize,bean/potato,2017_CM_GARDIAN-62_POINT_110277,11,9998,0,06/08/2017
Point (10.69735999999999976 6.24981999999999971),06/08/2017,06/08/2017,6.24982,10.69736,1993,maize,bean/potato,2017_CM_GARDIAN-62_POINT_110278,11,9998,0,06/08/2017
Point (10.70547000000000004 6.31339000000000006),06/08/2017,06/08/2017,6.31339,10.70547,1110,maize,bean/banana,2017_CM_GARDIAN-62_POINT_110279,10,9998,0,06/08/2017
Point (10.77746999999999922 6.30093000000000014),06/08/2017,06/08/2017,6.30093,10.77747,2075,maize,bean,2017_CM_GARDIAN-62_POINT_110280,11,9998,0,06/08/2017
Point (10.60125999999999991 6.04443000000000019),06/09/2017,06/09/2017,6.04443,10.60126,1281,maize,-,2017_CM_GARDIAN-62_POINT_110281,11,1200,0,06/09/2017
Point (10.510489999999999 6.03786000000000023),06/09/2017,06/09/2017,6.03786,10.51049,1199,maize,groundnut/bean/imperatacylindrica,2017_CM_GARDIAN-62_POINT_110282,11,9998,0,06/09/2017
Point (10.446769999999999 6.07003000000000004),06/09/2017,06/09/2017,6.07003,10.44677,1206,maize,bean,2017_CM_GARDIAN-62_POINT_110283,11,9998,0,06/09/2017
Point (10.413689999999999 5.98641999999999985),06/09/2017,06/09/2017,5.98642,10.41369,1187,maize,-,2017_CM_GARDIAN-62_POINT_110284,11,1200,0,06/09/2017
Point (10.36678000000000033 5.99761999999999951),06/09/2017,06/09/2017,5.99762,10.36678,1197,maize,bean,2017_CM_GARDIAN-62_POINT_110285,11,9998,0,06/09/2017
Point (11.56241999999999948 3.46030999999999977),28/02/2017,28/02/2017,3.46031,11.56242,1946,maize,-,2017_CM_GARDIAN-62_POINT_110286,11,1200,0,28/02/2017
Point (11.56329999999999991 3.46536999999999962),01/03/2017,01/03/2017,3.46537,11.5633,642,maize,-,2017_CM_GARDIAN-62_POINT_110287,11,1200,0,01/03/2017
Point (11.54302000000000028 3.46284000000000036),01/03/2017,01/03/2017,3.46284,11.54302,655,maize,-,2017_CM_GARDIAN-62_POINT_110288,11,1200,0,01/03/2017
Point (11.54255999999999993 3.47866999999999971),01/03/2017,01/03/2017,3.47867,11.54256,614,maize,-,2017_CM_GARDIAN-62_POINT_110289,11,1200,0,01/03/2017
Point (11.55588999999999977 3.46930999999999967),01/03/2017,01/03/2017,3.46931,11.55589,650,maize,-,2017_CM_GARDIAN-62_POINT_110290,11,1200,0,01/03/2017
Point (11.31756000000000029 2.91007000000000016),03/03/2017,03/03/2017,2.91007,11.31756,612,maize,-,2017_CM_GARDIAN-62_POINT_110291,11,1200,0,03/03/2017
Point (11.4538499999999992 2.95794999999999986),03/03/2017,03/03/2017,2.95795,11.45385,700,maize,-,2017_CM_GARDIAN-62_POINT_110292,11,1200,0,03/03/2017
Point (11.39991000000000021 2.94749000000000017),03/03/2017,03/03/2017,2.94749,11.39991,681,maize,-,2017_CM_GARDIAN-62_POINT_110293,11,1200,0,03/03/2017
Point (11.40039999999999942 2.94797999999999982),21/04/2017,21/04/2017,2.94798,11.4004,730,maize,-,2017_CM_GARDIAN-62_POINT_110294,11,1200,0,21/04/2017
Point (11.78728000000000087 2.94505000000000017),03/03/2017,03/03/2017,2.94505,11.78728,671,maize,-,2017_CM_GARDIAN-62_POINT_110295,11,1200,0,03/03/2017
Point (11.68151000000000117 2.97794000000000025),03/03/2017,03/03/2017,2.97794,11.68151,679,maize,-,2017_CM_GARDIAN-62_POINT_110296,11,1200,0,03/03/2017
Point (11.84621999999999886 2.94154999999999989),03/03/2017,03/03/2017,2.94155,11.84622,724,maize,-,2017_CM_GARDIAN-62_POINT_110297,11,1200,0,03/03/2017
Point (11.79560000000000031 2.94660999999999973),03/03/2017,03/03/2017,2.94661,11.7956,672,maize,-,2017_CM_GARDIAN-62_POINT_110298,11,1200,0,03/03/2017
Point (11.79772999999999961 2.94844000000000017),03/03/2017,03/03/2017,2.94844,11.79773,668,maize,-,2017_CM_GARDIAN-62_POINT_110299,11,1200,0,03/03/2017
Point (12.35567999999999955 3.11370999999999976),02/03/2017,02/03/2017,3.11371,12.35568,583,maize,-,2017_CM_GARDIAN-62_POINT_110300,11,1200,0,02/03/2017
Point (12.06098999999999855 3.12979000000000029),02/03/2017,02/03/2017,3.12979,12.06099,655,maize,-,2017_CM_GARDIAN-62_POINT_110301,11,1200,0,02/03/2017
Point (12.06341999999999892 3.12874000000000008),02/03/2017,02/03/2017,3.12874,12.06342,663,maize,-,2017_CM_GARDIAN-62_POINT_110302,11,1200,0,02/03/2017
Point (11.80161000000000016 3.29806999999999961),02/03/2017,02/03/2017,3.29807,11.80161,653,maize,-,2017_CM_GARDIAN-62_POINT_110303,11,1200,0,02/03/2017
Point (11.82648999999999972 3.31570999999999971),02/03/2017,02/03/2017,3.31571,11.82649,564,maize,-,2017_CM_GARDIAN-62_POINT_110304,11,1200,0,02/03/2017
Point (11.83223000000000091 3.32140999999999975),02/03/2017,02/03/2017,3.32141,11.83223,663,maize,-,2017_CM_GARDIAN-62_POINT_110305,11,1200,0,02/03/2017
Point (11.7979099999999999 3.30623000000000022),02/03/2017,02/03/2017,3.30623,11.79791,652,maize,-,2017_CM_GARDIAN-62_POINT_110306,11,1200,0,02/03/2017
Point (11.79997999999999969 3.29399999999999959),02/03/2017,02/03/2017,3.294,11.79998,646,maize,-,2017_CM_GARDIAN-62_POINT_110307,11,1200,0,02/03/2017
Point (11.13475999999999999 2.84399000000000024),04/03/2017,04/03/2017,2.84399,11.13476,555,maize,-,2017_CM_GARDIAN-62_POINT_110308,11,1200,0,04/03/2017
Point (11.13132000000000055 2.84604999999999997),04/03/2017,04/03/2017,2.84605,11.13132,550,maize,-,2017_CM_GARDIAN-62_POINT_110309,11,1200,0,04/03/2017
Point (11.131219999999999 2.84560999999999975),04/03/2017,04/03/2017,2.84561,11.13122,586,maize,-,2017_CM_GARDIAN-62_POINT_110310,11,1200,0,04/03/2017
Point (11.11919999999999931 2.86047999999999991),04/03/2017,04/03/2017,2.86048,11.1192,579,maize,-,2017_CM_GARDIAN-62_POINT_110311,11,1200,0,04/03/2017
Point (11.11743000000000059 2.85777999999999999),04/03/2017,04/03/2017,2.85778,11.11743,551,maize,-,2017_CM_GARDIAN-62_POINT_110312,11,1200,0,04/03/2017
Point (11.45043000000000077 2.2944),05/03/2017,05/03/2017,2.2944,11.45043,581,maize,-,2017_CM_GARDIAN-62_POINT_110313,11,1200,0,05/03/2017
Point (11.45307000000000031 2.33638000000000012),05/03/2017,05/03/2017,2.33638,11.45307,559,maize,-,2017_CM_GARDIAN-62_POINT_110314,11,1200,0,05/03/2017
Point (14.31302000000000163 6.37253999999999987),12/03/2017,12/03/2017,6.37254,14.31302,994,maize,-,2017_CM_GARDIAN-62_POINT_110315,11,1200,0,12/03/2017
Point (14.32037999999999833 6.3751199999999999),12/03/2017,12/03/2017,6.37512,14.32038,996,maize,-,2017_CM_GARDIAN-62_POINT_110316,11,1200,0,12/03/2017
Point (14.26759999999999984 6.48368000000000055),12/03/2017,12/03/2017,6.48368,14.2676,951,maize,-,2017_CM_GARDIAN-62_POINT_110317,11,1200,0,12/03/2017
Point (14.27539999999999942 6.49611999999999945),12/03/2017,12/03/2017,6.49612,14.2754,952,maize,-,2017_CM_GARDIAN-62_POINT_110318,11,1200,0,12/03/2017
Point (14.2737999999999996 6.49203000000000063),12/03/2017,12/03/2017,6.49203,14.2738,960,maize,-,2017_CM_GARDIAN-62_POINT_110319,11,1200,0,12/03/2017
Point (14.29342000000000112 6.52868000000000048),12/03/2017,12/03/2017,6.52868,14.29342,987,maize,-,2017_CM_GARDIAN-62_POINT_110320,11,1200,0,12/03/2017
Point (14.3600299999999983 6.12044999999999995),11/03/2017,11/03/2017,6.12045,14.36003,933,maize,-,2017_CM_GARDIAN-62_POINT_110321,11,1200,0,11/03/2017
Point (14.24856000000000122 5.04998000000000058),11/03/2017,11/03/2017,5.04998,14.24856,889,maize,-,2017_CM_GARDIAN-62_POINT_110322,11,1200,0,11/03/2017
Point (13.83200000000000074 4.90064999999999973),11/03/2017,11/03/2017,4.90065,13.832,726,maize,-,2017_CM_GARDIAN-62_POINT_110323,11,1200,0,11/03/2017
Point (13.81852000000000125 4.84628000000000014),11/03/2017,11/03/2017,4.84628,13.81852,755,maize,-,2017_CM_GARDIAN-62_POINT_110324,11,1200,0,11/03/2017
Point (13.67079000000000022 4.57186000000000003),10/03/2017,10/03/2017,4.57186,13.67079,648,maize,-,2017_CM_GARDIAN-62_POINT_110325,11,1200,0,10/03/2017
Point (13.60773999999999972 4.60595999999999961),10/03/2017,10/03/2017,4.60596,13.60774,676,maize,-,2017_CM_GARDIAN-62_POINT_110326,11,1200,0,10/03/2017
Point (13.6722999999999999 4.57110000000000039),10/03/2017,10/03/2017,4.5711,13.6723,638,maize,-,2017_CM_GARDIAN-62_POINT_110327,11,1200,0,10/03/2017
Point (13.67262999999999806 4.57108000000000025),10/03/2017,10/03/2017,4.57108,13.67263,651,maize,-,2017_CM_GARDIAN-62_POINT_110328,11,1200,0,10/03/2017
Point (13.66202999999999967 4.56339999999999968),10/03/2017,10/03/2017,4.5634,13.66203,573,maize,-,2017_CM_GARDIAN-62_POINT_110329,11,1200,0,10/03/2017
Point (12.48913999999999902 3.91929000000000016),08/03/2017,08/03/2017,3.91929,12.48914,688,maize,-,2017_CM_GARDIAN-62_POINT_110330,11,1200,0,08/03/2017
Point (12.48967000000000027 3.91626999999999992),08/03/2017,08/03/2017,3.91627,12.48967,813,maize,-,2017_CM_GARDIAN-62_POINT_110331,11,1200,0,08/03/2017
Point (12.47841000000000022 3.92584),08/03/2017,08/03/2017,3.92584,12.47841,624,maize,-,2017_CM_GARDIAN-62_POINT_110332,11,1200,0,08/03/2017
Point (12.47907999999999973 3.92614000000000019),08/03/2017,08/03/2017,3.92614,12.47908,655,maize,-,2017_CM_GARDIAN-62_POINT_110333,11,1200,0,08/03/2017
Point (12.46476000000000006 3.91694000000000031),09/03/2017,09/03/2017,3.91694,12.46476,703,maize,-,2017_CM_GARDIAN-62_POINT_110334,11,1200,0,09/03/2017
Point (12.4590999999999994 3.91193000000000035),09/03/2017,09/03/2017,3.91193,12.4591,661,maize,-,2017_CM_GARDIAN-62_POINT_110335,11,1200,0,09/03/2017
Point (11.5940600000000007 4.46661000000000019),05/03/2017,05/03/2017,4.46661,11.59406,465,maize,-,2017_CM_GARDIAN-62_POINT_110336,11,1200,0,05/03/2017
Point (11.60045999999999999 4.48951000000000011),05/03/2017,05/03/2017,4.48951,11.60046,516,maize,-,2017_CM_GARDIAN-62_POINT_110337,11,1200,0,05/03/2017
Point (11.59394999999999953 4.4633799999999999),05/03/2017,05/03/2017,4.46338,11.59395,492,maize,-,2017_CM_GARDIAN-62_POINT_110338,11,1200,0,05/03/2017
Point (11.59043999999999919 4.48921999999999954),05/03/2017,05/03/2017,4.48922,11.59044,455,maize,-,2017_CM_GARDIAN-62_POINT_110339,11,1200,0,05/03/2017
Point (11.64445000000000086 4.59090000000000042),05/03/2017,05/03/2017,4.5909,11.64445,583,maize,-,2017_CM_GARDIAN-62_POINT_110340,11,1200,0,05/03/2017
Point (11.66843999999999859 4.62866),05/03/2017,05/03/2017,4.62866,11.66844,557,maize,-,2017_CM_GARDIAN-62_POINT_110341,11,1200,0,05/03/2017
Point (9.44256999999999991 4.42441999999999958),01/03/2017,01/03/2017,4.42442,9.44257,200,maize,-,2017_CM_GARDIAN-62_POINT_110342,11,1200,0,01/03/2017
Point (9.44266000000000005 4.42460999999999949),02/03/2017,02/03/2017,4.42461,9.44266,216,maize,-,2017_CM_GARDIAN-62_POINT_110343,11,1200,0,02/03/2017
Point (9.44286000000000136 4.42445000000000022),02/03/2017,02/03/2017,4.42445,9.44286,216,maize,-,2017_CM_GARDIAN-62_POINT_110344,11,1200,0,02/03/2017
Point (9.44319999999999915 4.42429999999999968),02/03/2017,02/03/2017,4.4243,9.4432,216,maize,-,2017_CM_GARDIAN-62_POINT_110345,11,1200,0,02/03/2017
Point (9.37012999999999963 4.32574000000000058),02/03/2017,02/03/2017,4.32574,9.37013,60,maize,-,2017_CM_GARDIAN-62_POINT_110346,11,1200,0,02/03/2017
Point (9.1940299999999997 4.11059000000000019),03/03/2017,03/03/2017,4.11059,9.19403,449,maize,-,2017_CM_GARDIAN-62_POINT_110347,11,1200,0,03/03/2017
Point (9.1939700000000002 4.11076999999999959),03/03/2017,03/03/2017,4.11077,9.19397,458,maize,-,2017_CM_GARDIAN-62_POINT_110348,11,1200,0,03/03/2017
Point (9.20157000000000025 4.12529000000000057),03/03/2017,03/03/2017,4.12529,9.20157,379,maize,-,2017_CM_GARDIAN-62_POINT_110349,11,1200,0,03/03/2017
Point (9.20171000000000028 4.12525000000000031),03/03/2017,03/03/2017,4.12525,9.20171,389,maize,-,2017_CM_GARDIAN-62_POINT_110350,11,1200,0,03/03/2017
Point (9.18591999999999942 4.11146999999999974),03/03/2017,03/03/2017,4.11147,9.18592,478,maize,-,2017_CM_GARDIAN-62_POINT_110351,11,1200,0,03/03/2017
Point (9.27116000000000007 4.36258999999999997),04/03/2017,04/03/2017,4.36259,9.27116,193,maize,-,2017_CM_GARDIAN-62_POINT_110352,11,1200,0,04/03/2017
Point (9.26491000000000042 4.37570000000000014),04/03/2017,04/03/2017,4.3757,9.26491,220,maize,-,2017_CM_GARDIAN-62_POINT_110353,11,1200,0,04/03/2017
Point (9.26440999999999981 4.38030000000000008),04/03/2017,04/03/2017,4.3803,9.26441,227,maize,-,2017_CM_GARDIAN-62_POINT_110354,11,1200,0,04/03/2017
Point (9.26466999999999885 4.37563000000000013),04/03/2017,04/03/2017,4.37563,9.26467,233,maize,-,2017_CM_GARDIAN-62_POINT_110355,11,1200,0,04/03/2017
Point (9.26563999999999943 4.37661999999999995),04/03/2017,04/03/2017,4.37662,9.26564,200,maize,-,2017_CM_GARDIAN-62_POINT_110356,11,1200,0,04/03/2017
Point (9.17341000000000051 5.41176000000000013),05/03/2017,05/03/2017,5.41176,9.17341,131,maize,-,2017_CM_GARDIAN-62_POINT_110357,11,1200,0,05/03/2017
Point (9.17358000000000118 5.41178000000000026),05/03/2017,05/03/2017,5.41178,9.17358,119,maize,-,2017_CM_GARDIAN-62_POINT_110358,11,1200,0,05/03/2017
Point (9.17366999999999955 5.41183000000000014),05/03/2017,05/03/2017,5.41183,9.17367,127,maize,-,2017_CM_GARDIAN-62_POINT_110359,11,1200,0,05/03/2017
Point (9.1735199999999999 5.40018000000000065),05/03/2017,05/03/2017,5.40018,9.17352,125,maize,-,2017_CM_GARDIAN-62_POINT_110360,11,1200,0,05/03/2017
Point (10.1413499999999992 6.02475999999999967),06/03/2017,06/03/2017,6.02476,10.14135,1221,maize,-,2017_CM_GARDIAN-62_POINT_110361,11,1200,0,06/03/2017
Point (10.16043999999999947 6.00548000000000037),06/03/2017,06/03/2017,6.00548,10.16044,1441,maize,-,2017_CM_GARDIAN-62_POINT_110362,11,1200,0,06/03/2017
Point (10.15515000000000079 6.00509999999999966),06/03/2017,06/03/2017,6.0051,10.15515,1434,maize,-,2017_CM_GARDIAN-62_POINT_110363,11,1200,0,06/03/2017
Point (10.12518000000000029 6.00195999999999952),06/03/2017,06/03/2017,6.00196,10.12518,1239,maize,-,2017_CM_GARDIAN-62_POINT_110364,11,1200,0,06/03/2017
Point (10.11532000000000053 5.59506999999999977),06/03/2017,06/03/2017,5.59507,10.11532,1253,maize,-,2017_CM_GARDIAN-62_POINT_110365,11,1200,0,06/03/2017
Point (10.27591999999999928 6.04513999999999996),03/07/2017,03/07/2017,6.04514,10.27592,1185,maize,-,2017_CM_GARDIAN-62_POINT_110366,11,1200,0,03/07/2017
Point (10.27591999999999928 6.04513999999999996),07/03/2017,07/03/2017,6.04514,10.27592,1185,maize,-,2017_CM_GARDIAN-62_POINT_110367,11,1200,0,07/03/2017
Point (10.27541000000000082 6.04471000000000025),07/03/2017,07/03/2017,6.04471,10.27541,1159,maize,-,2017_CM_GARDIAN-62_POINT_110368,11,1200,0,07/03/2017
Point (10.28007999999999988 6.05018999999999973),07/03/2017,07/03/2017,6.05019,10.28008,1180,maize,-,2017_CM_GARDIAN-62_POINT_110369,11,1200,0,07/03/2017
Point (10.27186000000000021 6.04264000000000046),07/03/2017,07/03/2017,6.04264,10.27186,1162,maize,-,2017_CM_GARDIAN-62_POINT_110370,11,1200,0,07/03/2017
Point (10.26456999999999908 6.03493999999999975),07/03/2017,07/03/2017,6.03494,10.26457,1180,maize,-,2017_CM_GARDIAN-62_POINT_110371,11,1200,0,07/03/2017
Point (10.42221999999999937 6.14598000000000066),08/03/2017,08/03/2017,6.14598,10.42222,1891,maize,-,2017_CM_GARDIAN-62_POINT_110372,11,1200,0,08/03/2017
Point (10.4315800000000003 6.20354000000000028),08/03/2017,08/03/2017,6.20354,10.43158,1898,maize,-,2017_CM_GARDIAN-62_POINT_110373,11,1200,0,08/03/2017
Point (10.4328599999999998 6.20350000000000001),08/03/2017,08/03/2017,6.2035,10.43286,1891,maize,-,2017_CM_GARDIAN-62_POINT_110374,11,1200,0,08/03/2017
Point (10.38018000000000107 6.04556999999999967),08/03/2017,08/03/2017,6.04557,10.38018,1639,maize,-,2017_CM_GARDIAN-62_POINT_110375,11,1200,0,08/03/2017
Point (11.33458999999999861 5.28303999999999974),09/03/2017,09/03/2017,5.28304,11.33459,1002,maize,-,2017_CM_GARDIAN-62_POINT_110376,11,1200,0,09/03/2017
Point (10.36185000000000045 5.29326000000000008),09/03/2017,09/03/2017,5.29326,10.36185,1026,maize,-,2017_CM_GARDIAN-62_POINT_110377,11,1200,0,09/03/2017
Point (10.36421999999999954 5.30128999999999984),09/03/2017,09/03/2017,5.30129,10.36422,1031,maize,-,2017_CM_GARDIAN-62_POINT_110378,11,1200,0,09/03/2017
Point (10.40334000000000003 5.34283999999999981),09/03/2017,09/03/2017,5.34284,10.40334,1045,maize,-,2017_CM_GARDIAN-62_POINT_110379,11,1200,0,09/03/2017
Point (10.42013000000000034 5.35334000000000021),09/03/2017,09/03/2017,5.35334,10.42013,1129,maize,-,2017_CM_GARDIAN-62_POINT_110380,11,1200,0,09/03/2017
Point (9.59295999999999971 5.12516999999999978),10/03/2017,10/03/2017,5.12517,9.59296,705,maize,-,2017_CM_GARDIAN-62_POINT_110381,11,1200,0,10/03/2017
Point (9.58502999999999972 5.14143000000000061),10/03/2017,10/03/2017,5.14143,9.58503,708,maize,-,2017_CM_GARDIAN-62_POINT_110382,11,1200,0,10/03/2017
Point (9.58344999999999914 5.17149999999999999),10/03/2017,10/03/2017,5.1715,9.58345,719,maize,-,2017_CM_GARDIAN-62_POINT_110383,11,1200,0,10/03/2017
Point (9.58407000000000053 5.17079000000000022),10/03/2017,10/03/2017,5.17079,9.58407,721,maize,-,2017_CM_GARDIAN-62_POINT_110384,11,1200,0,10/03/2017
Point (10.00471999999999895 5.2000800000000007),10/03/2017,10/03/2017,5.20008,10.00472,730,maize,-,2017_CM_GARDIAN-62_POINT_110385,11,1200,0,10/03/2017
Point (10.03543999999999947 5.26377000000000006),11/03/2017,11/03/2017,5.26377,10.03544,1383,maize,-,2017_CM_GARDIAN-62_POINT_110386,11,1200,0,11/03/2017
Point (10.0410699999999995 5.26286999999999949),11/03/2017,11/03/2017,5.26287,10.04107,1410,maize,-,2017_CM_GARDIAN-62_POINT_110387,11,1200,0,11/03/2017
Point (10.08051999999999992 5.29464000000000024),11/03/2017,11/03/2017,5.29464,10.08052,1495,maize,-,2017_CM_GARDIAN-62_POINT_110388,11,1200,0,11/03/2017
Point (10.13090000000000046 5.29208000000000034),11/03/2017,11/03/2017,5.29208,10.1309,1377,maize,-,2017_CM_GARDIAN-62_POINT_110389,11,1200,0,11/03/2017
Point (10.15516000000000041 5.29318000000000044),11/03/2017,11/03/2017,5.29318,10.15516,1432,maize,-,2017_CM_GARDIAN-62_POINT_110390,11,1200,0,11/03/2017
Point (10.21067000000000036 5.31113000000000035),12/03/2017,12/03/2017,5.31113,10.21067,1275,maize,-,2017_CM_GARDIAN-62_POINT_110391,11,1200,0,12/03/2017
Point (10.2112999999999996 5.31123999999999974),12/03/2017,12/03/2017,5.31124,10.2113,1271,maize,-,2017_CM_GARDIAN-62_POINT_110392,11,1200,0,12/03/2017
